id;first_name;last_name;email;re_enrollment;phone_number;whatsapp;cell_number;emergency_number;address;work_place;work_phone_number;accept_paymnet_date;attend_meetings;paid_on_time;suggestion;create_date;status
1;Lance;Dibbert;Devante.Auer@hotmail.com;false;sky blue;index;open-source;Executive approach;invoice Berkshire;Savings Account Soft Sleek Wooden Bike;Albania;false;false;false;archive primary purple;2020-08-13T18:41:46;PROCESS
2;Katharina;Wolf;Jared.Robel@gmail.com;true;holistic interactive;Money Market Account;Saudi Arabia Rubber Senior;compress;Oklahoma;application user-facing;fuchsia Outdoors Practical;true;true;true;1080p Bedfordshire;2020-08-13T06:54:03;SUBMIT
3;Cassie;Powlowski;Darwin.Rutherford@gmail.com;false;Music;Avon driver;integrate;dot-com Nuevo Sol Plastic;Colombian Peso Unidad de Valor Real world-class Books;benchmark Buckinghamshire back up;Home Tenge Bedfordshire;true;false;true;Avon communities;2020-08-13T06:14:21;SUBMIT
4;Tressa;Adams;Elmira.Trantow5@yahoo.com;true;Chair withdrawal Implemented;Curve viral incentivize;Auto Loan Account incentivize envisioneer;Cotton protocol;Principal Uzbekistan Sum;Virtual digital Principal;Persevering benchmark;false;true;false;Architect payment;2020-08-13T21:04:33;SUBMIT
5;Billie;Braun;Abner.Rogahn@gmail.com;false;Arizona Tuna 1080p;metrics Northern Mariana Islands;France;incubate wireless Borders;Borders payment;calculating Fish SQL;models compressing incubate;false;true;true;Reverse-engineered Minnesota Incredible;2020-08-13T10:47:34;PROCESS
6;Krystel;Carter;Rhiannon34@gmail.com;false;Consultant Pines;approach zero administration;functionalities;system engine;content;National calculating Progressive;matrices;true;true;true;synthesize;2020-08-13T06:04:15;SUBMIT
7;Summer;Farrell;Rebeka.Sipes15@yahoo.com;true;one-to-one salmon users;models;Keyboard Lebanon Ridge;hacking ivory ADP;Burkina Faso Gorgeous Concrete Keyboard Money Market Account;customized;copying National Buckinghamshire;true;true;true;Sports;2020-08-13T22:59:06;CANCELLED
8;Delia;Kilback;Franz_Gaylord@gmail.com;true;Tasty Granite Bike salmon Uganda Shilling;Sausages Money Market Account;Jewelery;attitude;Port;networks Metal Assistant;Hong Kong Dollar proactive sexy;true;true;true;Handcrafted Cotton Fish Wooden;2020-08-13T23:25:43;FINSHED
9;Milan;Waters;Alfred77@hotmail.com;true;Frozen Congolese Franc;Configuration matrix moderator;Forward mission-critical;indexing Incredible Metal Computer Home Loan Account;hack;magenta Auto Loan Account Table;Investment Account;false;false;true;input Books program;2020-08-13T13:58:08;FINSHED
10;Meghan;Kuhn;Vickie9@hotmail.com;false;Quality-focused;SCSI;Guatemala;United States of America function;Savings Account payment;backing up withdrawal;parallelism;true;false;false;dot-com e-services;2020-08-13T21:29:01;SUBMIT
